country,"Population (2023), millions",Fossil CO2/GtCO2,Land CO2/GtCO2,Territorial Total/GtCO2,Emp Fossil Total/GtCO2,Emp Land Total/GtCO2,Empire Total/GtCO2,Col Fossil Total/GtCO2,Col Land Total/GtCO2,Colonial Total/GtCO2,Cons Total/GtCO2,Emp Cons Total/GtCO2,Col Cons Total/GtCO2,Temperature increase/degC,Col Temperature increase/degC,Difference in temp increase/degC,Share/percent,Col share/percent,Change/percent,Territorial per yearly capita /tCO2/pc,Colonial per yearly capita /tCO2/pc,Territorial per 2023 capita /tCO2/pc,Colonial per 2023 capita /tCO2/pc,Consumption per yearly capita /tCO2/pc,Colonial consumption per yearly capita /tCO2/pc,Consumption per 2023 capita /tCO2/pc,Colonial consumption per 2023 capita /tCO2/pc
Afghanistan,42.239856,0.24253373220457933,0.9472661333333275,1.1897998655379067,0.0,0.0,0.0,0.24253373220457933,0.9472661333333275,1.1897998655379067,1.1897998655379067,0.0,1.1897998655379067,0.000535409939492058,0.000535409939492058,0.0,0.04652017620519112,0.04652017620519112,0.0,156.0706754231333,156.0706754231333,28.16770647934753,28.16770647934753,156.0706754231333,156.0706754231333,28.16770647934753,28.16770647934753
Albania,2.832443,0.3033853890027955,0.1680676799999953,0.47145306900279077,0.0,0.0,0.0,0.3033853890027955,0.1680676799999953,0.47145306900279077,0.5098128053976441,0.0,0.5098128053976441,0.00021215388105125585,0.00021215388105125585,0.0,0.01843341933189116,0.018433419331891156,0.0,283.1402425353297,283.1402425353297,166.44750450504768,166.44750450504768,295.95869415199513,295.95869415199513,179.99049068159326,179.99049068159326
Algeria,45.60648,5.22686548462713,0.5750647999999952,5.801930284627124,-0.0813349785,-0.43438551999999664,-0.5157204984999967,5.1455305061271295,0.1406792799999985,5.286209786127127,5.801930284627124,-0.5157204984999967,5.286209786127127,0.0026108686280822057,0.0023787944037572074,-0.00023207422432499833,0.22685060486963832,0.2066863661957649,-8.888774480218368,247.3630532490421,177.74199880549196,127.21723502070591,115.90918189974599,247.3630532490421,177.74199880549196,127.21723502070591,115.90918189974599
Angola,36.684212,0.7012662272115153,7.644642879999995,8.34590910721151,-0.038076929,-4.6264595199999965,-4.664536448999996,0.6631892982115153,3.0181833599999988,3.681372658211514,8.34590910721151,-4.664536448999996,3.681372658211514,0.003755659098245179,0.0016566176961951811,-0.0020990414020499977,0.3263180418031566,0.1439385813508618,-55.890094045829905,1330.1885912689945,181.8903278135027,227.50683883332454,100.35305264868478,1330.1885912689945,181.8903278135027,227.50683883332454,100.35305264868478
Argentina,45.773888,9.021836361081219,15.835832426666663,24.85766878774788,0.0,0.0,0.0,9.021836361081219,15.835832426666663,24.85766878774788,24.64309344778544,0.0,24.64309344778544,0.011185950954486545,0.011185950954486545,0.0,0.9719139878482941,0.9719139878482939,0.0,2677.751771089648,2677.751771089648,543.0534716156923,543.0534716156923,2672.567028173991,2672.567028173991,538.3657479081838,538.3657479081838
Armenia,2.777974,0.39735727450272124,0.1725499733333279,0.5699072478360492,-0.244027347,-0.1217791466666621,-0.3658064936666621,0.15332992750272123,0.050770826666665804,0.20410075416938703,0.5861769162140182,-0.3614730916666621,0.22470382454735616,0.0002564582615262221,9.184533937622416e-05,-0.00016461292214999795,0.022282895096783707,0.007980168196841822,-64.1870225472018,270.8601620288469,67.82842245053591,205.1521172754134,73.4710815037819,276.8103086339186,74.990473084561,211.00878417653234,80.88766293253866
Australia,26.439114,19.777305339567356,12.306472213333333,32.083777552900685,-0.14421504,-3.180321466666668,-3.3245365066666683,19.633090299567353,9.126150746666665,28.75924104623402,30.827025204231557,-3.3245365066666683,27.50248869756489,0.014437699898805308,0.01294165847080531,-0.0014960414279999983,1.2544487760673253,1.1244621887677855,-10.362048238194738,3981.3158280794078,2195.6917676873486,1213.496698599684,1087.7535853218842,3920.6300103078656,2135.0059499158065,1165.9628686585925,1040.2197553807925
Austria,8.958961,5.672780774611822,-0.538437013333332,5.13434376127849,1.731465811545865,1.9737875881775315,3.7052533997233965,7.404246586157687,1.4353505748441995,8.839597161001887,6.054766853182559,3.7052533997233965,9.760020252905957,0.0023104546925753204,0.003977818722450849,0.0016673640298755289,0.20074853207746424,0.3456208303795724,72.16605611153626,722.2438285182344,1403.4457363363406,573.0958937401882,986.6765979896426,833.6000847322007,1514.8019925503067,675.8335986932591,1089.4143029427137
Azerbaijan,10.412652,2.6100368799686464,0.5302785066666604,3.140315386635307,-1.4659740135,-0.4402601333333282,-1.9062341468333281,1.1440628664686465,0.0900183733333322,1.2340812398019787,2.998812344925159,-1.8684462843333283,1.130366060591831,0.0014131419239858882,0.0005553365579108904,-0.0008578053660749978,0.12278369611354863,0.04825154077585471,-60.70199684229055,598.4194378614491,138.70950109288674,301.5865109710098,118.51747660461318,579.3833026519131,124.73234687313624,287.99698145344325,108.55698054557391
Bahrain,1.485521,1.0529100790296795,0.00025648,1.0531665590296795,-0.084059488,-3.664e-05,-0.08409612799999999,0.9688505910296795,0.00021984,0.9690704310296795,0.7163656820830144,-0.08409612799999999,0.6322695540830144,0.00047392495156335575,0.00043608169396335575,-3.78432576e-05,0.04117792858996973,0.03788984056268992,-7.985073897283712,1783.9374795429155,1184.0504342295505,708.9543392719992,652.3438113831306,1490.0018778554395,890.1148325420744,482.231945615723,425.6214177268544
Bangladesh,172.95432,1.842818781311262,3.8062975466666664,5.649116327977929,-0.0015563369999999999,-2.1983389333333334,-2.1998952703333337,1.841262444311262,1.607958613333333,3.449221057644595,6.086710439189046,-2.1998952703333337,3.886815168855713,0.002542102347590068,0.0015521494759400676,-0.0009899528716500003,0.22087570741348583,0.13486164860149755,-38.94229013196431,116.92362937685992,36.475615622731695,32.66247601087922,19.942959838439393,119.69098818359326,39.24297442946504,35.19258980746503,22.47307363502521
Belarus,9.498237,5.13115592696647,2.7930916266666665,7.924247553633137,-3.098369386,-2.8558070933333326,-5.9541764793333325,2.0327865409664705,-0.06271546666666597,1.9700710742998047,7.542292731655175,-5.888442096333333,1.6538506353218427,0.0035659113991349115,0.000886531983434912,-0.0026793794156999996,0.3098314289369228,0.07702812562660959,-75.13869852038432,1083.7846045035685,197.5352535990823,834.2861473801019,207.41439430283796,1046.7105840375584,166.7595663868782,794.072913916043,174.12185391055652
Belgium,11.686148,12.694658478263174,0.33242250666666473,13.027080984929837,0.031719682,4.318927786666664,4.350647468666664,12.726378160263172,4.651350293333329,17.3777284535965,15.792216443593098,4.350647468666664,20.142863912259763,0.0058621864432184265,0.007819977804118425,0.0019577913608999986,0.5093479335570853,0.679454598309094,33.396948047683416,1522.9243527244057,2042.6797536884662,1114.7455076668407,1487.0364857262205,1777.7004418061936,2297.455842770254,1351.3620094143166,1723.6529874736964
Benin,13.712833,0.1350652143449967,1.1408963199999993,1.275961534344996,-0.00022716799999999998,-0.14166245333333244,-0.14188962133333244,0.1348380463449967,0.9992338666666669,1.1340719130116637,1.3225589114529392,-0.14188962133333244,1.1806692901196068,0.0005741826904552481,0.0005103323608552486,-6.385032959999948e-05,0.049889025144526804,0.0443412600309963,-11.12021150435151,236.4528559238189,176.04176333422123,93.04871825865567,82.70150398620501,241.7086139634218,181.29752137382414,96.446803622048,86.09958934959732
Bolivia,12.388575,0.6257600898139044,6.7304015999999995,7.356161689813904,0.0,0.0,0.0,0.6257600898139044,6.7304015999999995,7.356161689813904,7.340134661926043,0.0,7.340134661926043,0.003310272760416257,0.003310272760416257,0.0,0.2876197484266034,0.28761974842660337,0.0,1906.1418990436437,1906.1418990436437,593.785943081743,593.785943081743,1904.3242206746074,1904.3242206746074,592.4922488604252,592.4922488604252
Bosnia and Herzegovina,3.210855,0.992399589669707,0.5113600533333287,1.5037596430030356,-0.0033448360000000003,-0.2254214933333312,-0.2287663293333312,0.989054753669707,0.28593855999999745,1.2749933136697045,1.5037596430030356,-0.2287663293333312,1.2749933136697045,0.000676691839351366,0.000573746991151367,-0.00010294484819999895,0.058795740013913925,0.049851168528700314,-15.212958427084832,526.0128888751565,374.4230217390291,468.33620422069373,397.0884121736125,526.0128888751565,374.4230217390291,468.33620422069373,397.0884121736125
Botswana,2.675356,0.16990422703776192,0.4780420799999955,0.6479463070377575,0.0,-0.1411128533333312,-0.1411128533333312,0.16990422703776192,0.3369292266666643,0.5068334537044262,0.7291090794071413,-0.1411128533333312,0.5879962260738101,0.00029157583816699086,0.0002280750541669918,-6.350078399999906e-05,0.02533415681743411,0.019816762680802548,-21.778479451246913,749.5755816041242,342.6514819015299,242.190686786266,189.4452378316853,783.3300209014329,376.4059211988387,272.5278727044705,219.78242374988977
Brazil,216.422448,17.502340083830862,97.87231610666669,115.37465619049755,0.0,0.0,0.0,17.502340083830862,97.87231610666669,115.37465619049755,115.88101818342996,0.0,115.88101818342996,0.051918595285723894,0.051918595285723894,0.0,4.511052229081203,4.511052229081203,0.0,1420.928037540758,1420.928037540758,533.0993030376292,533.0993030376292,1423.722371656298,1423.722371656298,535.4389956046979,535.4389956046979
Bulgaria,6.687716,3.958506114375549,0.34845861333332906,4.306964727708878,0.0,-0.0551798399999989,-0.0551798399999989,3.958506114375549,0.29327877333333013,4.251784887708879,4.111387794537851,-0.0551798399999989,4.056207954537852,0.001938134127468995,0.0019133031994689952,-2.4830927999999752e-05,0.16839870624121914,0.166241220806798,-1.2811769654160259,566.1413012673407,545.1491734623168,644.0113078529168,635.7603833220307,541.8792799560908,520.8871521510669,614.7671035279984,606.5161789971123
Burkina Faso,23.25149,0.08634549216819876,1.0590914133333305,1.1454369055015292,-1.0991999999999999e-05,-0.20219173333333124,-0.20220272533333122,0.08633450016819876,0.8568996799999992,0.9432341801681979,1.168073833627638,-0.20220272533333122,0.9658711082943068,0.0005154466074756882,0.0004244553810756891,-9.099122639999907e-05,0.04478562169930109,0.03687966483703184,-17.652890732099895,149.2526307404446,92.85342563037906,49.2629463961892,40.56661229745698,150.7195178894911,94.32031277942556,50.23651532128211,41.5401812225499
Burundi,13.238559,0.015258994229271709,0.7733971199999955,0.7886561142292672,-0.00021481700000000001,-0.377025599999998,-0.377240416999998,0.015044177229271708,0.3963715199999975,0.4114156972292692,0.7886561142292672,-0.377240416999998,0.4114156972292692,0.00035489525140317024,0.00018513706375317113,-0.0001697581876499991,0.030835792188176173,0.016086008481799908,-47.833321798140766,316.3203195202492,121.46444879264402,59.57265547022657,31.077075475455388,316.3203195202492,121.46444879264402,59.57265547022657,31.077075475455388
Cambodia,16.94483,0.22460671478768202,2.9616600533333304,3.1862667681210124,0.0,-0.9783857066666644,-0.9783857066666644,0.22460671478768202,1.983274346666666,2.207881061454348,3.515586771076995,-0.9783857066666644,2.537201064410331,0.0014338200456544556,0.0009935464776544565,-0.00044027356799999917,0.12458035656502761,0.08632629654275945,-30.706333708637736,568.3242888653178,255.8247394127499,188.03769457238653,130.29821257896052,590.0895760327583,277.5900265801903,207.472531213178,149.73304921975202
Cameroon,28.647294,0.2618020738386051,3.6503943466666637,3.912196420505269,-0.0025035563333333333,-1.512784177777776,-1.5152877341111095,0.2592985175052718,2.1376101688888878,2.3969086863941595,3.957728969502144,-1.5152877341111095,2.4424412353910343,0.001760488389227371,0.0010786089088773718,-0.0006818794803499992,0.1529635967381312,0.09371711803682076,-38.73240428749757,640.2830811584319,248.8471355240747,136.56425701168385,83.66963687370121,642.7680970107817,251.3321513764246,138.15367585860443,85.25905572062179
Canada,38.781288,35.242698569415815,25.05925626666666,60.30195483608248,-0.006771072,-1.1950868799999999,-1.201857952,35.235927497415815,23.864169386666664,59.10009688408248,60.238041232796256,-1.201857952,59.03618328079626,0.027135879676237117,0.026595043597837115,-0.0005408360784000012,2.3577558257865334,2.310764188520401,-1.993066319768542,4299.770961574556,3913.7010300720904,1554.9239838574335,1523.9333176371676,4300.030111964208,3913.960180461742,1553.2759312376695,1522.2852650174036
Central African Republic,5.74232,0.011284078994764878,1.0320755199999951,1.04335959899476,-9.8928e-05,-0.4195768533333315,-0.4196757813333315,0.011185150994764878,0.6124986666666636,0.6236838176614284,1.04335959899476,-0.4196757813333315,0.6236838176614284,0.000469511819547642,0.0002806577179476428,-0.00018885410159999916,0.04079448468307748,0.024385513845069064,-40.223503165895465,564.6399781266681,233.06598679265264,181.69652666426808,108.61181850914411,564.6399781266681,233.06598679265264,181.69652666426808,108.61181850914411
Chad,18.278574,0.04061382867018466,1.1154925866666625,1.156106415336847,-6.2288e-05,-0.1944606933333308,-0.1945229813333308,0.04055154067018466,0.9210318933333316,0.9615834340035163,1.156106415336847,-0.1945229813333308,0.9615834340035163,0.0005202478869015811,0.00043271254530158234,-8.753534159999874e-05,0.045202790579495576,0.03759710526241537,-16.82569863403568,250.89284847263306,163.4636135326351,63.249267439399105,52.60713631181056,250.89284847263306,163.4636135326351,63.249267439399105,52.60713631181056
Chile,19.629588,3.1733467666390345,3.1500629333333316,6.323409699972366,0.0,0.0,0.0,3.1733467666390345,3.1500629333333316,6.323409699972366,6.404298160370239,0.0,6.404298160370239,0.0028455343649875647,0.0028455343649875647,0.0,0.2472400123590005,0.24724001235900045,0.0,922.6928276052096,922.6928276052096,322.1366490204668,322.1366490204668,927.175703892322,927.175703892322,326.2573906477425,326.2573906477425
China,1425.671296,272.4444883658395,34.47618816,306.9206765258395,1.0544646662914618,0.9316697066666657,1.9861343729581276,273.498953032131,35.40785786666667,308.90681089879763,280.3471981622044,3.2090793434353047,283.5562775056397,0.13811430443662778,0.13900806490445894,0.0008937604678311561,12.000340869549062,12.077997056672116,0.647116510832701,277.36736085538985,280.52915491860955,215.2815150217063,216.67463725018254,257.54911207598985,261.62092086006834,196.6422407105855,198.89316583788448
Colombia,52.085168,3.6930687251003347,16.32539168,20.018460405100335,0.0,0.0,0.0,3.6930687251003347,16.32539168,20.018460405100335,20.417737892143276,0.0,20.417737892143276,0.00900830718229515,0.00900830718229515,0.0,0.7827050013834779,0.7827050013834779,0.0,2028.539193297721,2028.539193297721,384.3409011390793,384.3409011390793,2037.2750714480808,2037.2750714480808,392.00675885586617,392.00675885586617
Congo,6.106869,0.12586303431708487,2.3061338133333305,2.4319968476504155,-0.000186864,-1.353860213333332,-1.354047077333332,0.12567617031708486,0.9522735999999986,1.0779497703170835,2.4319968476504155,-1.354047077333332,1.0779497703170835,0.0010943985814426869,0.00048507739664268754,-0.0006093211847999993,0.09508903569426581,0.042146931352042886,-55.676350018360225,2455.7951014513646,614.4819427819668,398.2395639484678,176.51431041292741,2455.7951014513646,614.4819427819668,398.2395639484678,176.51431041292741
Costa Rica,5.212178,0.27742642882077523,1.3775785066666626,1.6550049354874379,0.0,0.0,0.0,0.27742642882077523,1.3775785066666626,1.6550049354874379,1.7738606717443608,0.0,1.7738606717443608,0.000744752220969347,0.000744752220969347,0.0,0.0647093040177215,0.06470930401772149,0.0,2094.436538397144,2094.436538397144,317.5265571297523,317.5265571297523,2121.3139053776217,2121.3139053776217,340.33002551800047,340.33002551800047
Croatia,4.008615,1.1535434134491065,0.37287306666666364,1.52641648011577,-0.00363594,-0.2331769599999979,-0.2368128999999979,1.1499074734491064,0.13969610666666574,1.2896035801157721,1.6434796781953496,-0.2368128999999979,1.4066667781953517,0.0006868874160520965,0.0005803216110520974,-0.00010656580499999904,0.05968160333031311,0.05042241768510241,-15.514304456542357,409.782777783877,304.5464571940958,380.784006474997,321.708016388646,436.91786599802634,331.6815454082452,409.986910240906,350.910920154555
Cuba,11.194447,1.6824273481969292,3.2135111999999992,4.895938548196929,0.0,-0.1608740266666651,-0.1608740266666651,1.6824273481969292,3.052637173333334,4.735064521530264,4.895938548196929,-0.1608740266666651,4.735064521530264,0.002203172346688618,0.0021307790346886185,-7.239331199999964e-05,0.19142708832711022,0.18513704889767352,-3.2858669503911884,784.2034606596166,675.6412080386251,437.3542121550916,422.9833346417437,784.2034606596166,675.6412080386251,437.3542121550916,422.9833346417437
Cyprus,1.260144,0.3166899186551613,0.010185919999997767,0.326875838655159,-0.005212804,-0.0632772799999968,-0.0684900839999968,0.31147711465516126,-0.05309135999999903,0.2583857546551622,0.3652982461109102,-0.0684900839999968,0.2968081621109134,0.00014709412739482156,0.000116273589594823,-3.0820537799998565e-05,0.012780570961472469,0.010102666157249173,-20.95293561059161,491.484519792612,271.39314254727,259.39562355981457,205.04462557863405,532.5581662205669,312.46678897522486,289.8861131036693,235.5351151224887
Czech Republic,10.495297,12.271497046888598,-1.026994773333335,11.244502273555263,-1.333926409,-0.2942314133333314,-1.6281578223333315,10.937570637888598,-1.3212261866666666,9.61634445122193,11.142049934133542,-1.6281578223333315,9.51389211180021,0.005060026023099868,0.004327355003049869,-0.0007326710200499988,0.4396506019682327,0.3759909975434465,-14.479589960708367,1128.4694347232435,948.0038108502602,1071.3848568130338,916.2527226453841,1118.3952055218206,937.9295816488373,1061.623118824893,906.4909846572432
CÃ´te d'Ivoire,28.87304,0.3718762971441834,9.030331039999997,9.40220733714418,-0.00104424,-2.0249828799999996,-2.0260271199999993,0.3708320571441834,7.005348159999997,7.376180217144181,9.468087912900423,-2.0260271199999993,7.442060792900424,0.004230993301714881,0.003319281097714881,-0.0009117122039999999,0.36761841609718426,0.28840245604470505,-21.54841993322159,2393.5163600187743,1577.7760343256664,325.6396741439135,255.4694696902086,2396.513584583219,1580.7732588901115,327.9214074063702,257.7512029526653
Democratic Republic of the Congo,102.262808,0.2007924019944463,20.06763029333333,20.26842269532778,-0.031093138,-3.810389013333333,-3.841482151333333,0.16969926399444632,16.25724128,16.426940543994444,20.26842269532778,-3.841482151333333,16.426940543994444,0.0091207902128975,0.0073921232447974996,-0.0017286669681000006,0.7924783171509804,0.6422795889906517,-18.953039459843428,732.9834755848792,398.2705222581682,198.19935606821767,160.6345539034528,732.9834755848792,398.2705222581682,198.19935606821767,160.6345539034528
Denmark,5.910911,4.172828186732625,0.5729274666666629,4.7457556533992875,0.0,0.0,0.0,4.172828186732625,0.5729274666666629,4.7457556533992875,5.125734908591896,0.0,5.125734908591896,0.0021355900440296794,0.0021355900440296794,0.0,0.1855550631812397,0.18555506318123965,0.0,1117.693823753875,1117.693823753875,802.8805802353119,802.8805802353119,1186.1479678458109,1186.1479678458109,867.1649613049318,867.1649613049318
Djibouti,1.136461,0.02002412543193438,-0.0010625599999999986,0.018961565431934384,0.0,0.0,0.0,0.02002412543193438,-0.0010625599999999986,0.018961565431934384,0.018961565431934384,0.0,0.018961565431934384,8.532704444370472e-06,8.532704444370472e-06,0.0,0.0007413812949298447,0.0007413812949298446,0.0,24.875152357331434,24.875152357331434,16.68474803089097,16.68474803089097,24.875152357331434,24.875152357331434,16.68474803089097,16.68474803089097
Dominican Republic,11.33297,0.8359189933811212,0.9602122666666633,1.7961312600477843,0.0,-0.0032304266666666,-0.0032304266666666,0.8359189933811212,0.9569818399999966,1.7929008333811178,2.139268346238773,-0.0032304266666666,2.1360379195721064,0.0008082590670215029,0.000806805375021503,-1.4536919999999466e-06,0.07022722486802366,0.07010091789648659,-0.17985470987129112,877.2494442177256,861.3955458697251,158.48725091902514,158.20220413370174,912.251731594257,896.3978332462565,188.76502331152145,188.47997652619802
EU+UK,516.659054,373.6207344758485,1.0678850133332858,374.6886194891818,1.1850408645397261,102.36474402749471,103.54978489203444,374.80577534038827,103.43262904082799,478.23840438121624,401.33125074902824,104.18369022553443,505.5149409745627,0.1686098787701318,0.21520728197154732,0.046597403201415505,n/a,n/a,n/a,927.9296022314628,1251.865133051197,725.2144651067739,925.6363566624273,981.61504923376,1306.8699235816332,776.7816079906116,978.4304311728226
Ecuador,18.190492,1.3350487587592994,4.254221546666665,5.5892703054259645,0.0,0.0,0.0,1.3350487587592994,4.254221546666665,5.5892703054259645,5.7066806342784355,0.0,5.7066806342784355,0.002515171637441684,0.002515171637441684,0.0,0.21853577815736802,0.21853577815736797,0.0,1266.2795378111077,1266.2795378111077,307.26328377626976,307.26328377626976,1273.7504239960715,1273.7504239960715,313.717772684677,313.717772684677
Egypt,112.7166,7.183630852907355,0.606147733333329,7.7897785862406845,-0.005261504,-0.05402567999999875,-0.05928718399999875,7.1783693489073555,0.5521220533333302,7.730491402240685,7.780414256348152,-0.05928718399999875,7.721127072348153,0.003505400363808308,0.003478721131008308,-2.6679232799999703e-05,0.30457380516471055,0.30225572602697026,-0.7610894628599618,127.29103300638627,122.09899374506267,69.10941765667776,68.5834331610489,127.21622216509066,122.02418290376706,69.02633912261506,68.50035462698621
El Salvador,6.364946,0.25484567934019153,0.729392479999995,0.9842381593401865,0.0,0.0,0.0,0.25484567934019153,0.729392479999995,0.9842381593401865,1.0508474900977398,0.0,1.0508474900977398,0.0004429071717030839,0.0004429071717030839,0.0,0.03848288601014277,0.038482886010142756,0.0,627.9800428921071,627.9800428921071,154.63417275499063,154.63417275499063,639.0402419044477,639.0402419044477,165.09919960008142,165.09919960008142
Equatorial Guinea,1.714674,0.15808515038777451,0.2577135466666622,0.41579869705443673,0.0,0.0,0.0,0.15808515038777451,0.2577135466666622,0.41579869705443673,0.41579869705443673,0.0,0.41579869705443673,0.00018710941367449651,0.00018710941367449651,0.0,0.01625738009653945,0.016257380096539445,0.0,1092.057919625503,1092.057919625503,242.4943149860771,242.4943149860771,1092.057919625503,1092.057919625503,242.4943149860771,242.4943149860771
Eritrea,3.748908,0.02051939979704462,0.09144122666666367,0.11196062646370829,-6.9051e-05,-0.02600218666666537,-0.026071237666665366,0.02045034879704462,0.0654390399999983,0.08588938879704291,0.11196062646370829,-0.026071237666665366,0.08588938879704291,5.038228190866873e-05,3.865022495866931e-05,-1.173205694999942e-05,0.00437756653198189,0.003358203019453363,-23.286076980925333,77.9929330721814,40.7853352703119,29.864863705299857,22.910508552635307,77.9929330721814,40.7853352703119,29.864863705299857,22.910508552635307
Estonia,1.322764,1.6613813989624702,0.22890229333333223,1.8902836922958024,-1.1069073765,-0.28800261333333144,-1.3949099898333315,0.5544740224624702,-0.059100319999999214,0.495373702462471,1.9044887596510223,-1.3874554623333315,0.5170332973176909,0.000850627661533111,0.00022291816610811192,-0.0006277094954249992,0.07390850595166618,0.019368696024817177,-73.79368480607133,1630.7076082944586,360.85048947863294,1429.0407754488347,374.4989298638842,1642.504247878204,377.39713559422046,1439.779703447495,390.87342664125333
Ethiopia,126.527064,0.31741129385547406,6.289451413333333,6.606862707188807,0.0,0.0,0.0,0.31741129385547406,6.289451413333333,6.606862707188807,6.628231213094983,0.0,6.628231213094983,0.002973088218234963,0.002973088218234963,0.0,0.2583227870537502,0.25832278705375017,0.0,236.21097366384208,236.21097366384208,52.216992146350655,52.216992146350655,236.46813568993946,236.46813568993946,52.385877009641064,52.385877009641064
Finland,5.545476,3.3013224395990113,1.7101353599999998,5.011457799599011,-0.020053071999999998,-0.8968128533333339,-0.9168659253333339,3.281269367599011,0.813322506666666,4.094591874265677,5.583978343623733,-0.9168659253333339,4.6671124182904,0.002255156009819555,0.0018425663434195546,-0.00041258966640000017,0.19594379410761312,0.16009510590511522,-18.29539351616802,1279.5705318366222,862.681293197499,903.7020085559853,738.3661698771534,1388.7143964693203,971.825157830197,1006.9430187099779,841.6071800311461
France,64.756584,39.40628663886763,-2.6915499733333337,36.71473666553429,0.28314013066666666,18.52943016888886,18.812570299555528,39.68942676953429,15.837880195555528,55.52730696508982,40.525843645178654,18.812570299555528,59.338413944734185,0.01652163149949043,0.02498728813429042,0.008465656634799989,1.4355153908474119,2.171071101145133,51.23983448644943,746.7898908915304,1209.277483981612,566.965309126471,857.4773951184611,809.4928822563387,1271.9804753464205,625.8181198251385,916.3302058171287
Gabon,2.43657,0.28608203058084386,1.2969460799999966,1.5830281105808404,-2.1984e-05,-0.7241529599999986,-0.7241749439999986,0.2860600465808439,0.5727931199999979,0.8588531665808418,1.5830281105808404,-0.7241749439999986,0.8588531665808418,0.0007123626497613782,0.0003864839249613788,-0.0003258787247999994,0.06189507057029099,0.03358043802237611,-45.746183479602664,2816.8153603587825,1054.0924631697446,649.6953137323534,352.4845034539709,2816.8153603587825,1054.0924631697446,649.6953137323534,352.4845034539709
Gambia,2.773172,0.016306071676608195,0.09661967999999546,0.11292575167660367,-0.000289456,-0.035162186666664035,-0.035451642666664035,0.016016615676608194,0.061457493333331434,0.07747410900993963,0.11292575167660367,-0.035451642666664035,0.07747410900993963,5.0816588254471646e-05,3.4863349054472834e-05,-1.5953239199998812e-05,0.0044153021178265466,0.0030291726422856536,-31.39376284002104,218.84060583249533,57.6903344609914,40.720788929285185,27.93700102623985,218.84060583249533,57.6903344609914,40.720788929285185,27.93700102623985
Georgia,3.728278,0.694366029174919,-0.011004213333333398,0.6833618158415855,-0.4519778395,-0.1540467733333321,-0.6060246128333321,0.24238818967491896,-0.1650509866666655,0.07733720300825346,0.7278566268871713,-0.5976344443333321,0.13022218255383927,0.00030751281712871345,3.4801741353714055e-05,-0.0002727110757749994,0.02671887348926339,0.0030238197325178334,-88.68283225438785,259.87542991204515,18.59024516039295,183.29153991241682,20.743411035403867,272.2591114045899,32.53560262377297,195.22595334553148,34.928238332506126
Germany,83.294632,94.36354769655519,-2.8365833066666672,91.52696438988852,0.0,0.5024137866666617,0.5024137866666617,94.36354769655519,-2.3341695200000054,92.02937817655518,96.78408395009616,0.5024137866666617,97.28649773676283,0.04118713397544983,0.04141322017944983,0.0002260862039999978,3.578627493808716,3.5982714512175393,0.548924341603281,1279.2492169083553,1287.957959328667,1098.833888717925,1104.8656554068837,1343.7480146187231,1352.4567570390348,1161.9486349383974,1167.980401627356
Ghana,34.121992,0.4421209978586772,2.042374666666663,2.48449566452534,-0.00666848,-0.8126385599999972,-0.8193070399999972,0.4354525178586772,1.2297361066666657,1.6651886245253429,2.616665365251704,-0.8193070399999972,1.7973583252517065,0.0011180230490364029,0.0007493348810364043,-0.0003686881679999986,0.0971416953745402,0.06510747771246135,-32.97679491650571,312.1370577391588,111.40800240078914,72.81215189679841,48.80103789149657,317.4045065184638,116.67545118009416,76.6855981107933,52.67448410549145
Greece,10.341276,4.245432261539439,0.6636114666666638,4.909043728206103,0.0,0.0,0.0,4.245432261539439,0.6636114666666638,4.909043728206103,4.757789590339087,0.0,4.757789590339087,0.0022090696776927462,0.0022090696776927462,0.0,0.1919394898669708,0.19193948986697076,0.0,547.8264738193028,547.8264738193028,474.7038690589153,474.7038690589153,534.1257246974204,534.1257246974204,460.07761424596794,460.07761424596794
Guatemala,18.092024,0.5040585729976821,3.383655146666664,3.887713719664346,0.0,0.0,0.0,0.5040585729976821,3.383655146666664,3.887713719664346,3.923185926703068,0.0,3.923185926703068,0.0017494711738489557,0.0017494711738489557,0.0,0.1520063436823126,0.15200634368231258,0.0,992.9596583327243,992.9596583327243,214.88550532899725,214.88550532899725,995.9603846844816,995.9603846844816,216.846159760957,216.846159760957
Guinea,14.19061,0.10293593835479593,2.8222082133333317,2.925144151688128,0.0,-2.1446857599999984,-2.1446857599999984,0.10293593835479593,0.6775224533333332,0.7804583916881291,2.948444570071096,-2.1446857599999984,0.8037588100710974,0.0013163148682596574,0.0003512062762596581,-0.0009651085919999993,0.11437068140917568,0.03051526811674118,-73.31897673358357,1365.308564275307,123.3649246011007,206.1323756828021,54.99822711554536,1367.235104675934,125.29146500172787,207.7743359919761,56.6401874247194
Guinea-Bissau,2.150848,0.011224230397231276,0.1993460266666614,0.21057025706389268,-0.000798752,-0.091783199999997,-0.092581951999997,0.010425478397231276,0.1075628266666644,0.11798830506389568,0.21057025706389268,-0.092581951999997,0.11798830506389568,9.47566156787517e-05,5.3094737278753054e-05,-4.1661878399998646e-05,0.008233120330498632,0.004613243706531077,-43.967250309194974,319.14577758142985,121.79148649640851,97.90104045655141,54.85664494371322,319.14577758142985,121.79148649640851,97.90104045655141,54.85664494371322
Haiti,11.724757,0.0844933751234302,0.611142986666661,0.6956363617900913,0.0,-0.0932732266666658,-0.0932732266666658,0.0844933751234302,0.5178697599999952,0.6023631351234254,0.6956363617900913,-0.0932732266666658,0.6023631351234254,0.0003130363628055411,0.00027106341080554143,-4.197295199999965e-05,0.027198797934459937,0.023551893051176612,-13.408331103716955,273.4192566439012,233.91279220968025,59.33055685419248,51.37531934550332,273.4192566439012,233.91279220968025,59.33055685419248,51.37531934550332
Honduras,10.593798,0.29455659769819365,2.2533844266666634,2.547941024364857,0.0,0.0,0.0,0.29455659769819365,2.2533844266666634,2.547941024364857,2.533875696322774,0.0,2.533875696322774,0.0011465734609641856,0.0011465734609641856,0.0,0.09962235569786417,0.09962235569786417,0.0,1780.4266071948261,1780.4266071948261,240.5125172638611,240.5125172638611,1779.450342547793,1779.450342547793,239.18482269746642,239.18482269746642
Hong Kong,7.491602,1.7174958522914618,0.01036912,1.7278649722914619,-1.7174958522914618,-0.01036912,-1.7278649722914619,0.0,0.0,0.0,3.5918899197686387,-3.5918899197686387,0.0,0.0007775392375311578,0.0,-0.0007775392375311578,0.06755807030910743,0.0,-100.0,281.9238903848995,0.0,230.6402518835707,0.0,557.744755537695,0.0,479.45551829483713,0.0
Hungary,10.156241,5.153919308489074,0.1608251733333328,5.314744481822408,1.731465811545865,1.9737875881775315,3.7052533997233965,6.88538512003494,2.1346127615108643,9.019997881545804,5.88627152172003,3.7052533997233965,9.591524921443426,0.0023916350168200835,0.0040589990466956116,0.001667364029875528,0.2078020488497597,0.3526743471518678,69.7164917786015,567.6571168447339,1122.3448715536601,523.2983819330801,888.1236553510106,624.4115043796027,1179.099259088529,579.5718634207311,944.3971368386617
India,1428.627712,63.10319684016875,24.066336693333334,87.16953353350209,-1.775061846,-11.177825866666666,-12.952887712666666,61.32813499416875,12.888510826666668,74.21664582083542,83.65935357858284,-12.952887712666666,70.70646586591616,0.03922629009007594,0.03339749061937594,-0.005828799470699995,3.4082556042898102,2.9018085654116477,-14.859420703092841,123.54172996434798,81.45534001566644,61.01626953005801,51.94960534325364,120.72025379738825,78.63386384870671,58.55924036463241,49.49257617782802
Indonesia,277.534112,16.21373661147304,74.69685658666666,90.9105931981397,-0.551089731,-21.619248799999998,-22.170338531,15.662646880473039,53.07760778666666,68.74025466713971,90.58651024967314,-22.170338531,68.41617171867314,0.04090976693916286,0.030933114600212867,-0.009976652338949992,3.5545278974997223,2.6876862673533126,-24.38696938505254,937.3762573912331,386.03740989786957,327.5654748996754,247.6821828198896,935.7023493819571,384.36350188859353,326.3977519623719,246.51445988258604
International Transport,0.0,45.614618681161225,0.0,45.614618681161225,0.0,0.0,0.0,45.614618681161225,0.0,45.614618681161225,45.614618681161225,0.0,45.614618681161225,0.020526578406522552,0.020526578406522552,0.0,1.7834933084488709,1.7834933084488704,0.0,n/a,n/a,n/a,n/a,n/a,n/a,n/a,n/a
Iran,89.172768,21.09430309498596,1.0989313066666628,22.19323440165262,0.0,0.0,0.0,21.09430309498596,1.0989313066666628,22.19323440165262,20.386894886799574,0.0,20.386894886799574,0.00998695548074368,0.00998695548074368,0.0,0.8677368394736099,0.8677368394736098,0.0,474.1023872280153,474.1023872280153,248.8790569072906,248.8790569072906,450.2810978706995,450.2810978706995,228.62242973998045,228.62242973998045
Iraq,45.504564,5.160595600284992,0.33868794666666197,5.499283546951654,-0.001535216,-0.0857742399999974,-0.0873094559999974,5.159060384284992,0.2529137066666646,5.411974090951657,5.499283546951654,-0.0873094559999974,5.411974090951657,0.002474677596128244,0.0024353883409282454,-3.92892551999988e-05,0.21501737142224342,0.21160364496694328,-1.5876514686789391,312.65364343379224,273.74875817185443,120.85125234804258,118.93255566522198,312.65364343379224,273.74875817185443,120.85125234804258,118.93255566522198
Ireland,5.056931,2.338518328941544,-0.33857802666666575,1.999940302274878,-0.006882824,-0.0199932266666669,-0.026876050666666897,2.331635504941544,-0.3585712533333327,1.9730642516082113,2.4109384850379554,-0.026876050666666897,2.384062434371289,0.0008999731360236951,0.0008878789132236951,-1.2094222800000057e-05,0.07819598737274051,0.07714515634734975,-1.3438426455077674,560.5035417561769,554.8551821408638,395.4849892701478,390.17029332775377,658.390367058884,652.7420074435709,476.75922116357833,471.4445252211843
Israel,9.17452,2.5413045120290567,0.043357333333330736,2.5846618453623877,-0.001391932,-0.013312533333332103,-0.014704465333332101,2.539912580029057,0.030044799999998633,2.5699573800290554,3.143428897908478,-0.014704465333332101,3.128724432575146,0.0011630978304130745,0.001156480821013075,-6.617009399999653e-06,0.10105810898098637,0.10048317672714845,-0.5689125391670218,515.9606442982285,483.78686438734536,281.7217516951718,280.11900132421704,597.026474948761,564.8526950378778,342.62597911481777,341.023228743863
Italy,58.870764,25.727766655882945,-0.28950485333333403,25.43826180254961,0.00029294200000000003,0.001062559999997698,0.001355501999997698,25.728059597882943,-0.2884422933333363,25.439617304549607,29.24485012689475,0.001355501999997698,29.24620562889475,0.011447217811147326,0.011447827787047322,6.099758999966037e-07,0.9946146874654257,0.9946676864560229,0.005328595210305246,482.13607892490774,480.93892157655847,432.10347673676546,432.1265017819304,547.2793405879469,546.0821832395976,496.76355698211677,496.7865820272818
Jamaica,2.825552,0.4757815080776532,0.2439979733333286,0.7197794814109818,-0.015517655,-0.19557210666666283,-0.21108976166666282,0.46026385307765316,0.04842586666666577,0.508689719744319,0.6598632180559292,-0.21108976166666282,0.4487734563892664,0.0003239007666349418,0.00022891037388494354,-9.499039274999825e-05,0.028142773649568176,0.019889341125094506,-29.327004606030744,412.5623219247657,210.8041543344805,254.73942132757838,180.0319795014634,390.2403510340764,188.48218344379126,233.53426801415412,158.82682618803915
Japan,123.294512,68.8463883206095,2.883116106666667,71.72950442727617,0.300528332,1.1137094399999996,1.4142377719999994,69.1469166526095,3.9968255466666665,73.14374219927616,78.77953905834747,1.4142377719999994,80.19377683034746,0.03227827699227428,0.03291468398967427,0.000636406997399995,2.804563424252305,2.8598589342410645,1.9716262970056277,663.0650228311353,684.906238940411,581.7736999297761,593.2441031866541,718.7707102190359,740.6119263283116,638.9541414328926,650.4245446897706
Jordan,11.337058,0.7793158179136931,0.025208319999998167,0.8045241379136913,0.0,-0.007157013333332799,-0.007157013333332799,0.7793158179136931,0.01805130666666537,0.7973671245803584,0.990567782977515,-0.007157013333332799,0.9834107696441823,0.00036203586206116103,0.00035881520606116126,-3.2206559999997772e-06,0.03145621859702757,0.031176385382204474,-0.8895958487824327,200.69535562091238,171.51000442532433,70.96410179022558,70.33280808657399,229.3449639431371,200.15961274754906,87.37432435976909,86.74303065611751
Kazakhstan,19.60664,14.791580655866097,10.239048,25.0306286558661,-7.372868697,-9.523407733333334,-16.896276430333334,7.418711958866097,0.7156402666666669,8.134352225532764,22.448760753848152,-16.878215262333335,5.570545491514817,0.011263782895139744,0.0036604585014897435,-0.00760332439365,0.9786765735354663,0.31804634527824005,-67.50240540352381,2550.266480038426,475.4977889859396,1276.6403961038761,414.8774203806855,2401.1571491540817,327.4466282957511,1144.9570530110286,284.115253379203
Kenya,55.100588,0.5322408958932002,2.2074622933333297,2.73970318922653,-0.025331131,-0.5630468799999984,-0.5883780109999984,0.5069097648932003,1.6444154133333313,2.1513251782265317,2.9217973333828384,-0.5883780109999984,2.33341932238284,0.0012328664351519386,0.0009680963302019392,-0.0002647701049499993,0.10712009540791269,0.08411500897297244,-21.475976423785838,208.7619938071321,101.33324670334856,49.721850322659535,39.04359746989508,213.16008619779856,105.73133909401503,53.026608960739914,42.34835610797548
Kosovo,1.663599,0.12297140673941072,0.0,0.12297140673941072,0.0,0.0,0.0,0.12297140673941072,0.0,0.12297140673941072,0.12297140673941072,0.0,0.12297140673941072,5.533713303273482e-05,5.533713303273482e-05,0.0,0.004808078799984832,0.004808078799984831,0.0,70.48978547594845,70.48978547594845,73.91889916945773,73.91889916945773,70.48978547594845,70.48978547594845,73.91889916945773,73.91889916945773
Kuwait,4.310107,3.707731252341327,0.00084272,3.708573972341327,-0.083865296,0.00011908,-0.083746216,3.623865956341327,0.0009618000000000001,3.6248277563413267,3.040176637173195,-0.083746216,2.956430421173195,0.001668858287553597,0.0016311724903535969,-3.7685797200000216e-05,0.14500212990468483,0.14172772314294202,-2.2581783894451717,2199.100411265886,1919.848457946487,860.4366370350729,841.0064428426781,1764.842366260953,1485.590412941554,705.3598987619553,685.9297045695605
Kyrgyzstan,6.735353,0.8678318065395958,0.5329898666666609,1.4008216732062566,-0.6210461045,-0.3803293066666627,-1.0013754111666626,0.24678570203959577,0.1526605599999982,0.39944626203959394,1.5703376006453686,-1.0028963346666626,0.5674412659787059,0.0006303697529428155,0.00017975081791781727,-0.00045061893502499825,0.054770951785361024,0.015618013611209998,-71.48485994471191,577.936928627291,139.7394030364146,207.98043891779045,59.305913445010816,608.2126309505131,169.67175024406313,233.14852252663945,84.24818505855683
Laos,7.633784,0.2177455920336797,2.133730399999997,2.3514759920336767,-7.1448e-05,-0.4341168266666647,-0.4341882746666647,0.21767414403367968,1.6996135733333322,1.917287717367012,2.374533250923859,-0.4341882746666647,1.9403449762571945,0.0010581641964151544,0.0008627794728151553,-0.0001953847235999991,0.09194073781663077,0.07496434066887227,-18.46449957973658,896.3752485961189,515.9069811453473,308.0354372135335,251.1582352038009,900.132508925467,519.6642414746955,311.0558604911875,254.17865848145487
Latvia,1.830214,0.9750524050924289,0.5519327466666621,1.526985151759091,-0.7041630285,-0.5746800799999955,-1.2788431084999956,0.2708893765924288,-0.0227473333333333,0.2481420432590955,1.720632371437812,-1.2817680119999955,0.43886435943781654,0.000687143318291591,0.00011166391946659297,-0.000575479398824998,0.059703837914310345,0.009702145638678845,-83.74954445541037,752.7245057790343,115.633582943628,834.3205503613736,135.5808901358505,842.9131338897826,204.7332154088694,940.1263302749362,239.78854901001552
Lebanon,5.35393,0.8077021915329883,0.020982506666664867,0.8286846981996532,-0.000886767,-0.009330986666665599,-0.010217753666665599,0.8068154245329884,0.011651519999999266,0.8184669445329876,0.8286846981996532,-0.010217753666665599,0.8184669445329876,0.0003729081141898439,0.0003683101250398444,-4.597989149999495e-06,0.03240087622750305,0.03200137063436733,-1.2330086085653547,216.46164363777996,202.55263948567818,154.7806374382282,152.8721788542225,216.46164363777996,202.55263948567818,154.7806374382282,152.8721788542225
Lesotho,2.330324,0.07089955609737782,0.13136661333332847,0.2022661694307063,0.0,-0.08043701333333036,-0.08043701333333036,0.07089955609737782,0.050929599999998104,0.12182915609737592,0.2022661694307063,-0.08043701333333036,0.12182915609737592,9.101977624381783e-05,5.482312024381916e-05,-3.619665599999867e-05,0.007908437473231262,0.0047634177585130135,-39.767902640232194,257.93319067750747,71.95178622314569,86.79744508948382,52.27992163208889,257.93319067750747,71.95178622314569,86.79744508948382,52.27992163208889
Liberia,5.418378,0.056254979725163086,1.2425356799999965,1.2987906597251595,0.0,0.0,0.0,0.056254979725163086,1.2425356799999965,1.2987906597251595,1.2987906597251595,0.0,1.2987906597251595,0.0005844557968763218,0.0005844557968763218,0.0,0.05078162478758985,0.050781624787589845,0.0,1387.6913645770317,1387.6913645770317,239.70100641283415,239.70100641283415,1387.6913645770317,1387.6913645770317,239.70100641283415,239.70100641283415
Libya,6.888394,2.37602891354635,0.011627093333333267,2.3876560068796833,-0.000798752,-0.06885266666666516,-0.06965141866666516,2.37523016154635,-0.0572255733333319,2.318004588213018,2.3876560068796833,-0.06965141866666516,2.318004588213018,0.0010744452030958575,0.001043102064695858,-3.134313839999944e-05,0.09335534603309895,0.09063203401805688,-2.917146291843332,605.8348806597468,519.6644462627225,346.6201275478266,336.5087113502825,605.8348806597468,519.6644462627225,346.6201275478266,336.5087113502825
Lithuania,2.718352,1.6036336158586135,1.120768746666662,2.7244023625252756,-1.1277329895,-1.082272319999996,-2.210005309499996,0.47590062635861347,0.03849642666666605,0.5143970530252795,3.034804080326859,-2.221709576999996,0.8130945033268633,0.001225981063136374,0.00023147867386137577,-0.0009945023892749983,0.1065218459250842,0.020112493066511142,-81.11890298948062,1000.1339238867718,157.35772732484892,1002.225746527777,189.23121546631177,1093.7545655837855,247.8889531942178,1116.4132092999212,299.11303000011156
Madagascar,30.325736,0.10999786473635825,6.434301546666665,6.544299411403024,-0.003117795,-2.88147952,-2.884597315,0.10688006973635825,3.5528220266666652,3.6597020964030236,6.5814884938766935,-2.884597315,3.6968911788766934,0.002944934735131361,0.0016468659433813606,-0.0012980687917500003,0.2558766146946566,0.14309128057112883,-44.07801559283448,1337.8345437853104,477.392912169403,215.80018408796488,120.67974529630621,1339.6170848003867,479.17545318447924,217.02650494209584,121.90606615043716
Malawi,20.93175,0.05531575998971861,1.466992319999996,1.5223080799897144,-0.005161381,-0.5645491199999979,-0.5697105009999979,0.05015437898971861,0.902443199999998,0.9525975789897166,1.5367199528043385,-0.5697105009999979,0.9670094518043406,0.0006850386359953715,0.0004286689105453725,-0.000256369725449999,0.05952096833335156,0.03724576587273804,-37.42412646222354,342.93562256074586,131.03114296149107,72.72722443129287,45.50969598766069,344.09113840170227,132.18665880244748,73.41574177048447,46.1982133268523
Malaysia,34.308528,6.830670665269039,9.931504053333333,16.762174718602374,-0.109165765,-3.19226,-3.3014257650000003,6.72150490026904,6.7392440533333335,13.460748953602373,16.199091920267243,-3.3014257650000003,12.897666155267244,0.007542978623371068,0.006057337029121068,-0.0014856415942500001,0.6553869638731596,0.5263039871771391,-19.6956887779969,2261.0318858236956,676.1117665959594,488.57166703865505,392.3441120412503,2240.6142739828706,655.6941547551344,472.15933951661356,375.93178451920886
Mali,23.29371,0.07684850968830428,0.5535449066666657,0.6303934163549699,-4.7632e-05,-0.03826437333333203,-0.03831200533333203,0.07680087768830428,0.5152805333333336,0.5920814110216379,0.6303934163549699,-0.03831200533333203,0.5920814110216379,0.0002836770373597365,0.0002664366349597371,-1.7240402399999407e-05,0.024647853522968218,0.023149886267714696,-6.077475484255185,61.97338437030572,53.321775086480365,27.062817230701764,25.418081148157075,61.97338437030572,53.321775086480365,27.062817230701764,25.418081148157075
Mauritania,4.862989,0.08927073884462634,-0.1331986133333306,-0.04392787448870426,-3.2976e-05,0.1223898133333301,0.1223568373333301,0.08923776284462634,-0.010808800000000502,0.07842896284462583,-0.04392787448870426,0.1223568373333301,0.07842896284462583,-1.9767543519916918e-05,3.529303328008162e-05,5.506057679999854e-05,-0.0017175430261207535,0.0030665066258625654,-278.54030898943967,-244.35830375796678,-9.279185853562808,-9.033101758754597,16.12772779141097,-244.35830375796678,-9.279185853562808,-9.033101758754597,16.12772779141097
Mauritius,1.300563,0.12984226526566345,0.0010625600000000002,0.13090482526566347,-0.004422448,0.00226252,-0.0021599279999999998,0.12541981726566345,0.0033250800000000002,0.12874489726566346,0.18174483167160566,-0.0021599279999999998,0.17958490367160565,5.890717136954856e-05,5.793520376954856e-05,-9.71967600000003e-07,0.00511826880625446,0.005033817434170047,-1.6499987648404566,108.47992151069937,106.03215973189685,100.65242919079158,98.9916653523616,149.78852073803023,147.3407589592277,139.74319711663767,138.0824332782077
Mexico,128.45556,21.429085736877802,9.983410720000002,31.412496456877804,0.0,0.0,0.0,21.429085736877802,9.983410720000002,31.412496456877804,32.469851255781776,0.0,32.469851255781776,0.01413562340559501,0.01413562340559501,0.0,1.2282022485842516,1.2282022485842514,0.0,727.378968805875,727.378968805875,244.53979615111876,244.53979615111876,736.7754178426816,736.7754178426816,252.77108484663316,252.77108484663316
Moldova,3.435935,1.3533100479574889,0.4375670933333287,1.7908771412908178,-1.0926911505,-0.3891961866666625,-1.4818873371666625,0.26061889745748895,0.0483709066666662,0.30898980412415517,1.7908771412908178,-1.4818873371666625,0.30898980412415517,0.0008058947135808679,0.00013904541185586982,-0.0006668493017249981,0.07002179323413572,0.012081242022131684,-82.74645440493794,626.94196506233,103.66424788379409,521.2197382345178,89.92888518675562,626.94196506233,103.66424788379409,521.2197382345178,89.92888518675562
Mongolia,3.447157,0.8577162137582011,2.1533816533333328,3.0110978670915336,0.0,-0.9145588266666657,-0.9145588266666657,0.8577162137582011,1.238822826666667,2.096539040424868,2.9605948183209763,-0.9145588266666657,2.0460359916543105,0.00135499404019119,0.0009434425681911905,-0.00041155147199999954,0.11773139954495185,0.08197291696409241,-30.372935953425266,2854.1590555015378,1528.6132455469315,873.5018065877283,608.193662320825,2836.864512650734,1511.3187026961277,858.851168751808,593.5430244849047
Morocco,37.840052,1.9551183154596048,1.3056786133333307,3.2607969287929355,-0.037042785,-0.576212853333333,-0.613255638333333,1.9180755304596049,0.7294657599999977,2.6475412904596025,3.4249412086906705,-0.613255638333333,2.8116855703573376,0.001467358617956821,0.0011913935807068212,-0.0002759650372499997,0.12749442329800004,0.10351664251282923,-18.806925169680675,224.5637449544727,139.85403583175363,86.17316193944278,69.96663985714402,230.116715501231,145.40700637851194,90.51100692701665,74.3044848447179
Mozambique,33.897356,0.19792574814538477,4.020641546666665,4.21856729481205,-0.053398825,-1.9683130133333329,-2.021711838333333,0.14452692314538476,2.0523285333333323,2.196855456478717,4.392504588280358,-2.021711838333333,2.370792749947025,0.0018983552826654223,0.0009885849554154226,-0.0009097703272499997,0.16494244080233555,0.0858952046414309,-47.92413388354888,545.689898657418,163.52371518980704,124.45121958220132,64.80905048991777,553.3463165803015,171.18013311269047,129.5825134054809,69.94034431319733
Myanmar,54.578,0.7177030279154789,14.192638346666664,14.910341374582144,-0.0463587305,-7.302089413333332,-7.348448143833332,0.671344297415479,6.890548933333332,7.561893230748812,14.910341374582144,-7.348448143833332,7.561893230748812,0.006709653618561964,0.0034028519538369653,-0.003306801664724999,0.5829818342696845,0.29566367901734225,-49.28423809504676,1211.2781512503664,205.59092948372208,273.19325322624763,138.55203984661972,1211.2781512503664,205.59092948372208,273.19325322624763,138.55203984661972
Namibia,2.604182,0.08725847549086618,0.17680021333333407,0.26405868882420025,0.0,0.0,0.0,0.08725847549086618,0.17680021333333407,0.26405868882420025,0.3477507017095165,0.0,0.3477507017095165,0.00011882640997089011,0.00011882640997089011,0.0,0.01032447312225903,0.01032447312225903,0.0,-1.1776270068040544,-1.1776270068040544,101.39793947742525,101.39793947742525,34.76257957080953,34.76257957080953,133.53548319952927,133.53548319952927
Nepal,30.896592,0.20402939891120508,1.6713335999999968,1.8753629989112017,0.0,0.0,0.0,0.20402939891120508,1.6713335999999968,1.8753629989112017,1.962327100121295,0.0,1.962327100121295,0.0008439133495100408,0.0008439133495100408,0.0,0.07332511936249267,0.07332511936249266,0.0,200.7134809282988,200.7134809282988,60.698053653011364,60.698053653011364,203.7672984533229,203.7672984533229,63.512736295358884,63.512736295358884
Netherlands,17.618296,12.148164133311816,0.5002825599999955,12.648446693311813,1.1510565654242426,21.68087117333333,22.83192773875757,13.29922069873606,22.181153733333325,35.48037443206938,13.352035782782469,22.83192773875757,36.18396352154004,0.005691801011990316,0.01596616849443122,0.010274367482440906,0.49454365052295096,1.3872528634551597,180.5117125633342,1077.4745154260945,5105.003418701178,717.9154382076345,2013.8368904728006,1121.3054166441004,5148.834319919183,757.8505766268469,2053.7720288920136
New Zealand,5.228101,1.9867417562311662,3.5163408,5.503082556231166,-0.050548544,-1.3903048,-1.4408533440000002,1.9361932122311662,2.126036,4.062229212231166,5.57807209581247,-1.4408533440000002,4.13721875181247,0.0024763871503040245,0.0018280031455040248,-0.0006483840047999997,0.21516590949676082,0.15882975297987023,-26.182659069297713,6459.474948756124,2060.3968768455147,1052.5968331964448,776.9989929863954,6476.800355821895,2077.7222839112856,1066.9403853927975,791.342545182748
Nicaragua,7.046312,0.19182448552791728,3.317202399999998,3.5090268855279154,0.0,0.0,0.0,0.19182448552791728,3.317202399999998,3.5090268855279154,3.5462951703331003,0.0,3.5462951703331003,0.0015790620984875619,0.0015790620984875619,0.0,0.13720000627980472,0.13720000627980472,0.0,2387.0614030238094,2387.0614030238094,497.99482133744795,497.99482133744795,2393.5295844126385,2393.5295844126385,503.28386968006816,503.28386968006816
Niger,27.202844,0.057096483166799855,1.3767113599999985,1.4338078431667984,-4.7632e-05,-0.7834731199999996,-0.7835207519999996,0.057048851166799856,0.5932382399999989,0.6502870911667987,1.4338078431667984,-0.7835207519999996,0.6502870911667987,0.0006452135294250593,0.0002926291910250594,-0.0003525843383999999,0.05606068334723594,0.025425679512380856,-54.64614772014822,443.21191008956345,66.12676953052782,52.708012558054534,23.90511415522578,443.21191008956345,66.12676953052782,52.708012558054534,23.90511415522578
Nigeria,223.80464,4.292101485094509,11.379748906666665,15.671850391761172,-0.057029209,-5.058506186666665,-5.115535395666664,4.235072276094509,6.321242719999999,10.556314996094509,15.427361476197945,-5.115535395666664,10.311826080531281,0.007052332676292527,0.004750341748242529,-0.0023019909280499982,0.6127561977463475,0.4127430569794195,-32.64155328049804,291.7536203802876,126.2202469458254,70.02468935300524,47.167543068340805,290.1246983194664,124.5913248850042,68.93226823267804,46.07512194801359
North Korea,26.160824,5.288694446329664,1.0901865599999951,6.378881006329659,-0.153400949,-0.46099226666666643,-0.6143932156666664,5.135293497329664,0.6291942933333288,5.764487790662993,6.378881006329659,-0.6143932156666664,5.764487790662993,0.0028704964528483467,0.0025940195057983467,-0.00027647694704999995,0.24940889388337917,0.22538663477918472,-9.631677014464044,411.56865268640416,335.1026478375425,243.83333668425962,220.34809724124105,411.56865268640416,335.1026478375425,243.83333668425962,220.34809724124105
North Macedonia,2.085682,0.6566346106908494,0.13562906666666466,0.792263677357514,-0.001819974,-0.0827331199999981,-0.0845530939999981,0.6548146366908494,0.05289594666666657,0.7077105833575159,0.792263677357514,-0.0845530939999981,0.7077105833575159,0.0003565186548108813,0.00031846976251088217,-3.804889229999913e-05,0.03097684487884993,0.02767088986447807,-10.67234260720033,535.1474187920766,413.4925978810596,379.85832804689977,339.3185458557517,535.1474187920766,413.4925978810596,379.85832804689977,339.3185458557517
Norway,5.474363,2.755774117867729,0.5210818666666605,3.27685598453439,0.0,0.0,0.0,2.755774117867729,0.5210818666666605,3.27685598453439,3.3867875564525307,0.0,3.3867875564525307,0.0014745851930404754,0.0014745851930404754,0.0,0.128122318899958,0.12812231889995798,0.0,910.5365707572569,910.5365707572569,598.58215184751,598.58215184751,932.1851136297594,932.1851136297594,618.6633141522641,618.6633141522641
Occupied Palestinian Territory,5.371231,0.06932881700823065,0.0050929600000000005,0.07442177700823065,0.0,0.0,0.0,0.06932881700823065,0.0050929600000000005,0.07442177700823065,0.07442177700823065,0.0,0.07442177700823065,3.348979965370379e-05,3.348979965370379e-05,0.0,0.002909829022682831,0.0029098290226828305,0.0,22.445182427106374,22.445182427106374,13.85562769656167,13.85562769656167,22.445182427106374,22.445182427106374,13.85562769656167,13.85562769656167
Oman,4.644384,1.5715541333427878,0.00026869333333296835,1.571822826676121,0.0,0.0,0.0,1.5715541333427878,0.00026869333333296835,1.571822826676121,1.4256875583646438,0.0,1.4256875583646438,0.0007073202720042544,0.0007073202720042544,0.0,0.06145695337363029,0.06145695337363028,0.0,545.5259844104302,545.5259844104302,338.4351566701033,338.4351566701033,510.6801384344314,510.6801384344314,306.9702157195968,306.9702157195968
Pakistan,240.485664,5.748276008877533,2.1425117866666636,7.890787795544196,-0.000633646,-0.9147175999999972,-0.9153512459999973,5.747642362877532,1.2277941866666662,6.975436549544199,8.29653870792813,-0.9153512459999973,7.381187461928134,0.0035508545079948883,0.003138946447294889,-0.00041190806069999917,0.3085231804766854,0.2727337149649291,-11.60025170765436,102.58890949777809,59.29665928475484,32.81188435225892,29.00562317737243,104.69194156767405,61.399691354650805,34.49909890648671,30.692837731600225
Panama,4.468085,0.35106057054338785,1.2401174399999955,1.5911780105433833,0.0,0.0,0.0,0.35106057054338785,1.2401174399999955,1.5911780105433833,1.562565312074492,0.0,1.562565312074492,0.0007160301047445224,0.0007160301047445224,0.0,0.06221372481903792,0.06221372481903791,0.0,2044.7509060303623,2044.7509060303623,356.1208013149668,356.1208013149668,2035.4737787384297,2035.4737787384297,349.7170067432674,349.7170067432674
Papua New Guinea,10.329932,0.20079328723329246,1.7152527466666663,1.9160460338999585,-0.010061344,-0.3173817866666649,-0.32744313066666486,0.19073194323329246,1.3978709600000012,1.5886029032332938,1.9160460338999585,-0.32744313066666486,1.5886029032332938,0.0008622207152549813,0.0007148713064549822,-0.00014734940879999913,0.07491579188739105,0.06211304028436747,-17.089523157237537,459.57634590751644,257.589469862417,185.48486416947938,153.78638535406563,459.57634590751644,257.589469862417,185.48486416947938,153.78638535406563
Paraguay,6.861527,0.2043612980831939,4.523452266666665,4.727813564749859,0.0,0.0,0.0,0.2043612980831939,4.523452266666665,4.727813564749859,4.825731556801227,0.0,4.825731556801227,0.0021275161041374364,0.0021275161041374364,0.0,0.1848535425729118,0.18485354257291178,0.0,1920.525799911194,1920.525799911194,689.0322758694762,689.0322758694762,1937.6151556368854,1937.6151556368854,703.3028590867932,703.3028590867932
Peru,34.35272,2.11209796891467,5.367967626666665,7.480065595581335,0.0,0.0,0.0,2.11209796891467,5.367967626666665,7.480065595581335,7.689194263248523,0.0,7.689194263248523,0.0033660295180116006,0.0033660295180116006,0.0,0.29246428715598577,0.29246428715598566,0.0,693.9983436122088,693.9983436122088,217.7430373950399,217.7430373950399,701.0780305695929,701.0780305695929,223.83072616225215,223.83072616225215
Philippines,117.337368,3.8337543993835705,11.039314453333333,14.873068852716903,-0.002357549,-4.560959413333333,-4.563316962333333,3.8313968503835705,6.47835504,10.30975189038357,15.71384516961489,-4.563316962333333,11.150528207281557,0.006692880983722606,0.004639388350672606,-0.00205349263305,0.5815245099456489,0.40310264647375316,-30.681744349618473,862.3979086611549,210.12167728083764,126.75475090524363,87.86418228150106,871.8609322964663,219.58470091614902,133.9202117573908,95.02964313364825
Poland,41.026068,28.793872118243783,-1.71797632,27.075895798243785,-3.071463416,-1.1394917866666667,-4.210955202666667,25.722408702243786,-2.8574681066666665,22.864940595577117,26.37472434378055,-4.210955202666667,22.163769141113885,0.012184153109209703,0.010289223268009703,-0.0018949298412000003,1.0586448023157597,0.8939999879278743,-15.552413238862448,856.3563286931101,659.2821606358599,659.9680914642804,557.3271266351218,838.131124835916,641.0569567786658,642.8772151350344,540.2362503058758
Portugal,10.247607,2.7377592420464305,0.1651120533333297,2.9028712953797604,0.09227450599999999,6.686555733333327,6.778830239333327,2.830033748046431,6.851667786666656,9.681701534713087,3.609469150822711,6.778830239333327,10.388299390156037,0.001306292082920892,0.004356765690620889,0.003050473607699997,0.11349983141997208,0.378546404657139,233.52155674702425,320.4364182479539,1230.3229471575548,283.27308954956607,944.7768181111051,388.26595735281444,1298.1524862624156,352.22556357037416,1013.729292131913
Puerto Rico,3.260315,0.000208848,0.1977338666666645,0.1979427146666645,0.0,0.0,0.0,0.000208848,0.1977338666666645,0.1979427146666645,0.1979427146666645,0.0,0.1979427146666645,8.907422159999902e-05,8.907422159999902e-05,0.0,0.0077393940204086575,0.007739394020408657,0.0,283.97472071606256,283.97472071606256,60.712757714105685,60.712757714105685,283.97472071606256,283.97472071606256,60.712757714105685,60.712757714105685
Qatar,2.716399,2.3527758864469885,0.00152056,2.3542964464469884,-0.0577324,5.496e-05,-0.057677439999999996,2.295043486446988,0.00157552,2.2966190064469885,1.672295400759157,-0.057677439999999996,1.614617960759157,0.0010594334009011448,0.0010334785529011448,-2.595484799999999e-05,0.0920510152171301,0.08979587571881514,-2.449880094201582,3351.450279498761,2501.9100594222705,866.6975825153038,845.4645309643349,2842.259429673039,1992.7192095965481,615.629515678351,594.3964641273823
Romania,19.89281,8.805952230193983,0.9325612799999977,9.73851351019398,-4.0304e-05,-0.1603610666666665,-0.1604013706666665,8.805911926193984,0.7722002133333312,9.578112139527315,9.652192270270197,-0.1604013706666665,9.491790899603531,0.004382331079587291,0.004310150462787292,-7.218061679999978e-05,0.3807677052190964,0.37449614624258404,-1.6470826938707055,518.1411436817807,498.91403139496487,489.5494156026213,481.48613190028533,514.8290030092763,495.6018907224605,485.2100970285343,477.1468133261983
Russia,144.444368,121.05702988794125,48.85139141333333,169.9084213012746,43.98302844,25.161231493333297,69.1442599333333,165.04005832794124,74.01262290666664,239.0526812346079,157.1462755501388,68.7153394388333,225.8616149889721,0.07645878958557356,0.10757370655557355,0.03111491696999999,6.643276677550874,9.346759211751682,40.69501641165246,1597.064688638282,2271.5654756678127,1176.2896930759848,1654.980976721833,1509.741132106283,2181.34703837884,1087.9363295780338,1563.6581620750496
Rwanda,14.094693,0.035658886874783594,0.706956586666662,0.7426154735414456,-0.000411727,-0.2478940266666644,-0.2483057536666644,0.03524715987478359,0.4590625599999976,0.4943097198747812,0.746907796130196,-0.2483057536666644,0.49860204246353157,0.0003341769630936505,0.00022243937394365152,-0.00011173758914999899,0.029035641776805066,0.01932709519858393,-33.436652280152956,252.05362288616138,119.2045200832108,52.687594794824236,35.07062692850289,252.39389634223065,119.54479353928006,52.992129458243326,35.37516159192198
Saudi Arabia,36.947024,18.0954450789912,-0.0483281599999976,18.0471169189912,0.0,0.026660873774209636,0.026660873774209636,18.0954450789912,-0.021667286225787966,18.073777792765412,17.289397580230872,0.026660873774209636,17.31605845400508,0.00812120261354604,0.008133200006744435,1.199739319839542e-05,0.7056271255229929,0.7066695433124753,0.14772926830299538,856.0586640725561,868.2722109383196,488.4592848125251,489.18088213993667,822.8108723408147,835.0244192065783,467.95102036447844,468.6726176918899
Senegal,17.763164,0.28880257692796746,0.5444337599999949,0.8332363369279624,-0.000742515,-0.3299187733333299,-0.3306612883333299,0.28806006192796746,0.214514986666665,0.5025750485946324,0.8848589034342969,-0.3306612883333299,0.554197615100967,0.00037495635161758305,0.0002261587718675846,-0.00014879757974999846,0.03257884148182554,0.019650262614868238,-39.68397364335268,232.5513254645056,64.33215014075903,46.908103586048206,28.293104122364262,236.47821817650464,68.25904285275806,49.8142618868067,31.199262423122757
Serbia,7.149073,2.8678992753506227,0.30015487999999774,3.1680541553506205,0.0,-0.1613259199999989,-0.1613259199999989,2.8678992753506227,0.13882895999999884,3.0067282353506215,3.1680541553506205,-0.1613259199999989,3.0067282353506215,0.0014256243699077792,0.0013530277059077796,-7.259666399999959e-05,0.12386825869060694,0.11756055061108756,-5.092271536063577,574.7867591984068,491.0971481208526,443.1419507606959,420.5759593377521,574.7867591984068,491.0971481208526,443.1419507606959,420.5759593377521
Sierra Leone,8.791092,0.041292179123792155,1.528840639999996,1.5701328191237882,-0.002634416,-0.7263513599999969,-0.7289857759999969,0.038657763123792155,0.8024892799999991,0.8411470431237913,1.5701328191237882,-0.7289857759999969,0.8411470431237913,0.0007065597686057046,0.00037851616940570606,-0.00032804359919999857,0.0613908754966698,0.03288814345503687,-46.42828728379851,670.6527864634555,177.92898393145907,178.60498094250272,95.68174728734398,670.6527864634555,177.92898393145907,178.60498094250272,95.68174728734398
Singapore,6.014725,2.1686776518382525,0.048071679999994135,2.2167493318382467,-0.038707719,-0.03314698666666283,-0.07185470566666283,2.129969932838253,0.014924693333331301,2.1448946261715838,5.376938210844188,-0.07185470566666283,5.305083505177525,0.000997537199327211,0.0009652025817772126,-3.23346175499983e-05,0.08667303847209036,0.08386357978445291,-3.2414447874030583,884.711574337699,597.7381109080055,368.5537296947486,356.6072640347786,1527.0456923998709,1240.0722289701775,893.9624356631747,882.0159700032048
Slovakia,5.795206,4.005002766924993,0.04731445333333293,4.052317220258327,-0.428977879,-0.1426395199999978,-0.5716173989999978,3.5760248879249934,-0.09532506666666486,3.4806998212583284,4.250921002940945,-0.5716173989999978,3.679303603940947,0.001823542749116247,0.0015663149195662477,-0.0002572278295499993,0.1584422024123532,0.13609244184030028,-14.10593909436238,959.4516321609707,755.745080160653,699.2533518667544,600.6170999371426,996.188275886724,792.4817238864063,733.5237095870182,634.8874576574063
Slovenia,2.119681,0.8897058552038709,0.16485557333332854,1.0545614285371994,-0.002770785,-0.0645596799999978,-0.0673304649999978,0.8869350702038709,0.10029589333333074,0.9872309635372016,1.1881680505586176,-0.0673304649999978,1.12083758555862,0.0004745526428417397,0.00044425393359174073,-3.0298709249998955e-05,0.04123246681707209,0.038599902142540644,-6.384688760463485,611.4563765253183,532.5697951961168,497.5094972013239,465.74506425127254,676.6687746028629,597.7821932736614,560.5409731740849,528.7765402240337
Somalia,18.143378,0.03475015163136447,0.6328338666666641,0.6675840182980285,-0.000661352,-0.05745151999999882,-0.058112871999998816,0.034088799631364464,0.5753823466666652,0.6094711462980297,0.6675840182980285,-0.058112871999998816,0.6094711462980297,0.00030041280823411284,0.00027426201583411337,-2.615079239999947e-05,0.026101974846797778,0.02382981032271838,-8.704952546370812,96.80465850940406,70.32433153302553,36.7949131797854,33.59193344800674,96.80465850940406,70.32433153302553,36.7949131797854,33.59193344800674
South Africa,60.414496,22.366042570389386,4.871178079999998,27.237220650389386,-0.164381696,-0.529069386666665,-0.693451082666665,22.201660874389386,4.3421086933333335,26.54376956772272,23.11817522733679,-0.693451082666665,22.424724144670126,0.012256749292675223,0.011944696305475223,-0.00031205298720000073,1.0649524686430683,1.0378391132883427,-2.5459685904360154,1152.7512735588243,1015.6853629966831,450.8391603629266,439.36093694670103,1070.9057294939334,933.8398189317923,382.6594072279737,371.1811838117482
South Korea,51.78406,20.20118569994281,0.839410186666665,21.040595886609474,-0.008522275,-0.5342966933333331,-0.5428189683333331,20.192663424942808,0.30511349333333193,20.49777691827614,22.927511537860244,-0.5428189683333331,22.384692569526912,0.009468268148974264,0.009223999613224263,-0.00024426853575000053,0.822669640885169,0.801445874783153,-2.579864996498458,509.8635783850599,469.9742469848898,406.3141415835196,395.8317852689832,549.1971899292903,509.3078585291202,442.75229748034906,432.26994116581267
South Sudan,11.088797,0.04394181769042008,1.0904552533333283,1.1343970710237483,-0.04394181769042008,-0.9869961066666624,-1.0309379243570824,0.0,0.1034591466666659,0.1034591466666659,1.1343970710237483,-1.0309379243570824,0.1034591466666659,0.0005104786819606867,4.655661599999966e-05,-0.000463922065960687,0.04435397343638056,0.00404516580676876,-90.87981190102174,371.44068907150097,74.93544629530732,102.30118479252063,9.33006048056123,371.44068907150097,74.93544629530732,102.30118479252063,9.33006048056123
Spain,47.519628,15.592965413073312,0.48861882666666456,16.081584239739975,0.0,1.9457488799999985,1.9457488799999985,15.592965413073312,2.434367706666663,18.027333119739975,17.0833773565807,1.9457488799999985,19.029126236580698,0.007236712907882989,0.00811229990388299,0.0008755869960000006,0.628776447333943,0.7048535955757869,12.099236312749378,450.64171441318064,568.5255877266145,338.41982600831756,379.3660404862592,473.4701934343704,591.3540667478043,359.501496025615,400.4477105035565
Sri Lanka,21.893584,0.5639952115459639,1.6098272533333295,2.173822464879293,-0.0015863785,-0.6567842133333306,-0.6583705918333306,0.5624088330459639,0.953043039999999,1.5154518730459627,2.489673169899122,-0.6583705918333306,1.8313025780657917,0.000978220109195682,0.0006819533428706832,-0.0002962667663249987,0.08499463400028914,0.05925289639590989,-30.286309138400043,280.601226549783,102.9020606174367,99.29038867639457,69.21899461714276,295.9959781618037,118.29681222945734,113.71702184069645,83.64562778144463
Sudan,48.109004,0.5173216347155488,2.8731378133333307,3.3904594480488797,-0.004221899,-0.7333862399999984,-0.7376081389999984,0.5130997357155488,2.1397515733333323,2.6528513090488812,3.3904594480488797,-0.7376081389999984,2.6528513090488812,0.0015257067516219957,0.0011937830890719964,-0.00033192366254999927,0.13256411898187748,0.10372425978324672,-21.75540366437571,259.6589551562273,133.23466212111754,70.47453004948677,55.14251155664917,259.6589551562273,133.23466212111754,70.47453004948677,55.14251155664917
Swaziland,1.210829,0.04423656332202624,0.09367626666666116,0.1379128299886874,0.0,0.0,0.0,0.04423656332202624,0.09367626666666116,0.1379128299886874,0.1379128299886874,0.0,0.1379128299886874,6.206077349490933e-05,6.206077349490933e-05,0.0,0.005392275909469667,0.0053922759094696664,0.0,438.07028339282294,438.07028339282294,113.89951016096195,113.89951016096195,438.07028339282294,438.07028339282294,113.89951016096195,113.89951016096195
Sweden,10.612087,5.097344741013995,1.37172832,6.469073061013995,0.0,0.0,0.0,5.097344741013995,1.37172832,6.469073061013995,7.477063588439958,0.0,7.477063588439958,0.0029110828774562975,0.0029110828774562975,0.0,0.2529353275280213,0.2529353275280212,0.0,920.417966197177,920.417966197177,609.5948008166531,609.5948008166531,1028.9274397322522,1028.9274397322522,704.5799368625567,704.5799368625567
Switzerland,8.796671,3.1318859526210243,0.0600041066666674,3.1918900592876915,0.0,0.0,0.0,3.1318859526210243,0.0600041066666674,3.1918900592876915,5.536615462818456,0.0,5.536615462818456,0.0014363505266794612,0.0014363505266794612,0.0,0.12480022253030805,0.12480022253030802,0.0,550.4087701361727,550.4087701361727,362.8520447437095,362.8520447437095,851.9086810082352,851.9086810082352,629.398946808225,629.398946808225
Syria,23.22701,1.9440400422867172,0.2872453866666639,2.231285428953381,-0.000472457,-0.2203224266666635,-0.2207948836666635,1.9435675852867174,0.0669229600000004,2.0104905452867174,2.231285428953381,-0.2207948836666635,2.0104905452867174,0.0010040784430290215,0.0009047207453790229,-9.935769764999865e-05,0.08724138766989943,0.07860849302023146,-9.895411891352278,265.8298628705443,161.25755695773412,96.06425575023997,86.55830196339164,265.8298628705443,161.25755695773412,96.06425575023997,86.55830196339164
Taiwan,23.923272,9.90370661832741,0.5881636,10.49187021832741,-0.138605108,-0.13265512,-0.271260228,9.76510151032741,0.45550848,10.22060999032741,11.345464599588546,-0.271260228,11.074204371588547,0.004721341598247334,0.004599274495647334,-0.00012206710259999969,0.4102233202538868,0.3996172729937324,-2.5854325525887303,553.8390692630918,489.6825120041217,438.5633461145035,427.22458660033675,592.4740472334431,528.317489974473,474.24384923552867,462.905089721362
Tajikistan,10.143545,0.5089333403033561,0.262586666666661,0.7715200069700172,-0.3571020295,-0.2060755733333292,-0.5631776028333292,0.15183131080335618,0.0565110933333318,0.20834240413668798,0.8757934806318775,-0.5536454063333291,0.3221480742985483,0.0003471840031365077,9.375408186150959e-05,-0.00025342992127499813,0.030165784775785884,0.008146013150766383,-72.99585205121136,312.57106974828343,48.545762119327655,76.06019463314031,20.539407488869816,324.739942791044,62.46190845915818,86.3399808086697,31.75892395592944
Tanzania,67.438112,0.28622901230649134,9.252442719999996,9.538671732306488,-0.006848016,-2.5223586666666664,-2.5292066826666666,0.2793809963064913,6.7300840533333295,7.009465049639821,9.675530819371854,-2.5292066826666666,7.146324136705187,0.00429240227953792,0.003154259272337919,-0.0011381430072000005,0.3729540594205388,0.274064200760312,-26.51529220887755,667.4106342300294,291.6709047101302,141.44333892838648,103.93922430153177,670.3997599781585,294.66003045825926,143.47274163564742,105.9686270087927
Thailand,71.80128,8.358936792635701,12.45632981333333,20.815266605969033,0.0,0.0,0.0,8.358936792635701,12.45632981333333,20.815266605969033,20.594628061431045,0.0,20.594628061431045,0.009366869972686064,0.009366869972686064,0.0,0.8138594551193108,0.8138594551193106,0.0,770.0209101746055,770.0209101746055,289.90105198638565,289.90105198638565,767.2318368745706,767.2318368745706,286.8281465376529,286.8281465376529
Timor-Leste,1.3606,0.010799422174544354,0.27433589333332825,0.2851353155078726,0.0,0.0,0.0,0.010799422174544354,0.27433589333332825,0.2851353155078726,0.2851353155078726,0.0,0.2851353155078726,0.00012831089197854265,0.00012831089197854265,0.0,0.011148551537070579,0.011148551537070575,0.0,512.3017876406526,512.3017876406526,209.56586469783375,209.56586469783375,512.3017876406526,512.3017876406526,209.56586469783375,209.56586469783375
Togo,9.053804,0.0731336145717973,0.41769599999999585,0.49082961457179314,-0.00042136,-0.2089395999999978,-0.2093609599999978,0.07271225457179731,0.20875639999999804,0.2814686545717953,0.5261454014456806,-0.2093609599999978,0.3167844414456827,0.0002208733265573069,0.00012666089455730788,-9.421243199999902e-05,0.019191026001909053,0.011005188171708378,-42.654508567631424,261.32851820268746,75.32296263081518,54.21252929396231,31.08844134153946,265.74262209456407,79.7370665226918,58.11318661699332,34.98909866457046
Trinidad and Tobago,1.534938,1.68323608785988,0.041427626666664365,1.7246637145265442,-0.211154627,-0.0618605333333295,-0.2730151603333295,1.47208146085988,-0.020432906666665133,1.451648554193215,1.2009737119956136,-0.2730151603333295,0.9279585516622841,0.0007760986715369449,0.0006532418493869467,-0.00012285682214999822,0.06743290381714884,0.05675824017558502,-15.830051854965685,1775.3474123950941,1098.5405305517936,1123.6048065306509,945.737583011962,1403.8259613931998,727.0190795498993,782.4249005468713,604.5576770281823
Tunisia,12.458225,1.0035884898742233,0.47605130666666096,1.4796397965408843,-0.010628791,-0.35421719999999646,-0.36484599099999643,0.9929596988742234,0.12183410666666451,1.114793805540888,1.3593736206335532,-0.36484599099999643,0.9945276296335567,0.0006658379084433979,0.0005016572124933996,-0.00016418069594999836,0.05785267425978043,0.043587502208005086,-24.65775737128298,261.27170081146056,126.73248115578428,118.7681067359824,89.48255514255746,250.70478273176457,116.16556307608829,109.11455047838302,79.82899888495807
Turkey,85.816192,12.262963004685167,2.3187868266666647,14.581749831351832,0.0025235574082698824,0.6234491965087489,0.6259727539170187,12.265486562093438,2.9422360231754134,15.20772258526885,15.442766559580715,0.6259727539170187,16.068739313497733,0.006561787424108324,0.0068434751633709824,0.0002816877392626581,0.5701341806992255,0.5946091900309025,4.292850728868844,307.25047348122547,359.23624944533276,169.91839758342846,177.2127407525709,320.67017850294275,372.6559544670501,179.95166412861474,187.24600729775722
Turkmenistan,6.5161,2.6726613372527157,1.1986165333333292,3.871277870586045,-0.94444565,-0.8848010399999977,-1.8292466899999977,1.7282156872527157,0.3138154933333315,2.042031180586047,3.871277870586045,-1.8292466899999977,2.042031180586047,0.0017420750417637204,0.0009189140312637212,-0.0008231610104999992,0.15136371577710706,0.07984170539001528,-47.25175384331379,1737.8983343202149,604.1926452337691,594.1096469646023,313.3824190215078,1737.8983343202149,604.1926452337691,594.1096469646023,313.3824190215078
USA,339.996576,432.08543034186647,95.46686346666668,527.5522938085331,0.002357549,2.8725882133333327,2.8749457623333328,432.0877878908665,98.33945168000001,530.4272395708665,536.8892114072086,2.8749457623333328,539.7641571695418,0.2373985322138399,0.2386922578068899,0.0012937255930499936,20.626851940624817,20.739259907139125,0.5449593900120137,3970.7422963029767,3998.579584023677,1551.640019482235,1560.0958274675875,4000.2980202678536,4028.135307988554,1579.101818387749,1587.5576263731016
Uganda,48.582336,0.12436208861534988,3.192858453333331,3.317220541948681,-0.003155991,-1.131699679999999,-1.1348556709999988,0.12120609761534988,2.0611587733333323,2.182364870948682,3.37399657239613,-1.1348556709999988,2.239140901396131,0.0014927492438769063,0.0009820641919269068,-0.0005106850519499995,0.12970053921897648,0.08532863490840369,-34.21104073874253,416.14314059094744,187.07777209340765,68.2803836758422,44.92095379993012,417.9846519628173,188.91928346527752,69.44903951090639,46.08960963499431
Ukraine,36.744636,31.20190163520804,8.116834773333334,39.31873640854137,-21.150706638,-8.121256,-29.271962638,10.051194997208038,-0.00442122666666655,10.046773770541371,37.117502861012845,-28.978185757000002,8.139317104012843,0.017693431383843616,0.004521048196743617,-0.013172383187099998,1.5373295953970108,0.3928204226918248,-74.44787221504181,990.7266934841954,212.7351505147202,1070.0537735233345,273.42150757844956,945.6898550724161,173.39002940824773,1010.1475181578298,221.5103479052791
United Arab Emirates,9.516871,5.523269261312366,-0.024219039999999,5.499050221312367,-0.038039648,0.0007938666666665999,-0.0372457813333334,5.485229613312366,-0.0234251733333324,5.4618044399790335,5.965898589246642,-0.0372457813333334,5.928652807913308,0.002474572599590565,0.002457811997990565,-1.6760601600000063e-05,0.21500824858556541,0.21355196979388527,-0.6773129874133924,1829.7958649968245,1689.7454758021183,577.8212420145621,573.9075836983641,1917.842926082079,1777.792536887373,626.8760592895125,622.9624009733144
United Kingdom,67.7368,75.64488185807555,0.7749726399999994,76.41985449807555,3.9753922428570867,49.766837402250786,53.74222964510788,79.62027410093263,50.54181004225079,130.16208414318342,81.23484215976124,54.38330962210787,135.61815178186913,0.034388934524133996,0.05857293786443254,0.024184003340298542,2.9879521756529215,5.0892282517096055,70.32495677737941,1593.8863764586094,2868.823992085281,1128.1881414249794,1921.5859642496166,1671.4898447669277,2957.520993881892,1199.2719195439,2002.134021416263
Uruguay,3.423106,0.3922719850584543,1.460006293333333,1.8522782783917875,0.0,0.0,0.0,0.3922719850584543,1.460006293333333,1.8522782783917875,1.9489180115893687,0.0,1.9489180115893687,0.0008335252252763043,0.0008335252252763043,0.0,0.07242252616399267,0.07242252616399265,0.0,1987.4785276555126,1987.4785276555126,541.1104062777453,541.1104062777453,2016.3313913594152,2016.3313913594152,569.3419986378946,569.3419986378946
Uzbekistan,35.163944,6.598369194208127,1.0850447466666635,7.68341394087479,-2.8444240995,-0.977775039999997,-3.8221991394999972,3.753945094708127,0.10726970666666648,3.8612148013747936,7.68341394087479,-3.8221991394999972,3.8612148013747936,0.0034575362733936556,0.001737546660618657,-0.0017199896127749986,0.3004150367972364,0.15097025821635934,-49.74610464713323,578.7730294886669,163.8391698793208,218.5026213463083,109.8060786746445,578.7730294886669,163.8391698793208,218.5026213463083,109.8060786746445
Venezuela,28.8385,7.9847816518959585,6.53965376,14.524435411895958,0.0,0.0,0.0,7.9847816518959585,6.53965376,14.524435411895958,12.774800807275573,0.0,12.774800807275573,0.0065359959353531805,0.0065359959353531805,0.0,0.5678932349995215,0.5678932349995215,0.0,1977.4680670796813,1977.4680670796813,503.6473953879695,503.6473953879695,1912.8541920066953,1912.8541920066953,442.9772979619458,442.9772979619458
Vietnam,98.858944,5.297644325162831,8.829128586666664,14.126772911829496,-0.145388752,-3.615647413333333,-3.761036165333333,5.152255573162831,5.213481173333332,10.365736746496163,12.746395955144715,-3.761036165333333,8.985359789811383,0.006357047810323273,0.004664581535923273,-0.0016924662744000002,0.5523449649844421,0.40529160736256836,-26.623463042885838,480.81053035767684,197.17788506552202,142.89827849900456,104.853808133902,465.9874881303892,182.35484283823433,128.93518218386708,90.89071181876456
Yemen,34.449824,0.6773823698834142,0.0030899733333346327,0.6804723432167488,-0.044107232,0.01618266666666457,-0.02792456533333543,0.6332751378834142,0.0192726399999992,0.6525477778834133,0.6804723432167488,-0.02792456533333543,0.6525477778834133,0.0003062125544475369,0.000293646500047536,-1.256605440000093e-05,0.02660589753461684,0.025514070465723335,-4.103703201415888,39.72572483142442,37.059705729967966,19.752563705891465,18.941977116731085,39.72572483142442,37.059705729967966,19.752563705891465,18.941977116731085
Zambia,20.569738,0.2735261331658906,4.871263573333332,5.144789706499222,-0.051280605,-2.2215076266666665,-2.2727882316666665,0.22224552816589058,2.649755946666665,2.8720014748325555,5.211314479216936,-2.2727882316666665,2.93852624755027,0.0023151553679246497,0.00129240066367465,-0.0010227547042499997,0.20115695976885462,0.11229284734401626,-44.17650402300287,1633.8217681615617,517.0884712490744,250.11449861438302,139.62265707188664,1639.1505569253964,522.417260012909,253.3486075134713,142.85676597097495
Zimbabwe,16.665407,0.8215630290670556,1.5054643199999964,2.3270273490670523,-0.182871024,-0.6195030133333317,-0.8023740373333317,0.6386920050670556,0.8859613066666648,1.5246533117337204,2.3583302077645,-0.8023740373333317,1.555956170431168,0.0010471623070801735,0.0006860939902801742,-0.0003610683167999993,0.09098481639511424,0.05961266492631078,-34.4806449161424,486.5122110843778,176.08887748778272,139.63219434527176,91.48611322446074,489.0111224944963,178.58778889790122,141.51050783005178,93.36442670924077
